<?xml version="1.0" encoding="UTF-8"?>
<configurationDescriptor version="97">
  <logicalFolder name="root" displayName="root" projectFiles="true" kind="ROOT">
    <logicalFolder name="HeaderFiles"
                   displayName="Header Files"
                   projectFiles="true">
      <logicalFolder name="f2" displayName="classes" projectFiles="true">
        <itemPath>classes/headers/Empleado.h</itemPath>
        <itemPath>classes/headers/Empresa.h</itemPath>
        <itemPath>classes/headers/EmpresaExtranjera.h</itemPath>
        <itemPath>classes/headers/EmpresaNacional.h</itemPath>
        <itemPath>classes/headers/RelacionLaboral.h</itemPath>
      </logicalFolder>
      <logicalFolder name="f1" displayName="datatypes" projectFiles="true">
        <itemPath>datatypes/headers/Direccion.h</itemPath>
        <itemPath>datatypes/headers/DtEmpleado.h</itemPath>
        <itemPath>datatypes/headers/DtEmpresa.h</itemPath>
        <itemPath>datatypes/headers/DtEmpresaExtranjera.h</itemPath>
        <itemPath>datatypes/headers/DtEmpresaNacional.h</itemPath>
        <itemPath>datatypes/headers/Fecha.h</itemPath>
      </logicalFolder>
    </logicalFolder>
    <logicalFolder name="ResourceFiles"
                   displayName="Resource Files"
                   projectFiles="true">
    </logicalFolder>
    <logicalFolder name="SourceFiles"
                   displayName="Source Files"
                   projectFiles="true">
      <logicalFolder name="f2" displayName="classes" projectFiles="true">
        <itemPath>classes/sources/Empleado.cpp</itemPath>
        <itemPath>classes/sources/Empresa.cpp</itemPath>
        <itemPath>classes/sources/EmpresaExtranjera.cpp</itemPath>
        <itemPath>classes/sources/EmpresaNacional.cpp</itemPath>
        <itemPath>classes/sources/RelacionLaboral.cpp</itemPath>
      </logicalFolder>
      <logicalFolder name="f1" displayName="datatypes" projectFiles="true">
        <itemPath>datatypes/sources/Direccion.cpp</itemPath>
        <itemPath>datatypes/sources/DtEmpleado.cpp</itemPath>
        <itemPath>datatypes/sources/DtEmpresa.cpp</itemPath>
        <itemPath>datatypes/sources/DtEmpresaExtranjera.cpp</itemPath>
        <itemPath>datatypes/sources/DtEmpresaNacional.cpp</itemPath>
        <itemPath>datatypes/sources/Fecha.cpp</itemPath>
      </logicalFolder>
      <itemPath>main.cpp</itemPath>
    </logicalFolder>
    <logicalFolder name="TestFiles"
                   displayName="Test Files"
                   projectFiles="false"
                   kind="TEST_LOGICAL_FOLDER">
    </logicalFolder>
    <logicalFolder name="ExternalFiles"
                   displayName="Important Files"
                   projectFiles="false"
                   kind="IMPORTANT_FILES_FOLDER">
      <itemPath>Makefile</itemPath>
    </logicalFolder>
  </logicalFolder>
  <projectmakefile>Makefile</projectmakefile>
  <confs>
    <conf name="Debug" type="1">
      <toolsSet>
        <compilerSet>default</compilerSet>
        <dependencyChecking>true</dependencyChecking>
        <rebuildPropChanged>false</rebuildPropChanged>
      </toolsSet>
      <compileType>
      </compileType>
      <item path="classes/headers/Empleado.h" ex="false" tool="3" flavor2="0">
      </item>
      <item path="classes/headers/Empresa.h" ex="false" tool="3" flavor2="0">
      </item>
      <item path="classes/headers/EmpresaExtranjera.h"
            ex="false"
            tool="3"
            flavor2="0">
      </item>
      <item path="classes/headers/EmpresaNacional.h" ex="false" tool="3" flavor2="0">
      </item>
      <item path="classes/headers/RelacionLaboral.h" ex="false" tool="3" flavor2="0">
      </item>
      <item path="classes/sources/Empleado.cpp" ex="false" tool="1" flavor2="0">
      </item>
      <item path="classes/sources/Empresa.cpp" ex="false" tool="1" flavor2="0">
      </item>
      <item path="classes/sources/EmpresaExtranjera.cpp"
            ex="false"
            tool="1"
            flavor2="0">
      </item>
      <item path="classes/sources/EmpresaNacional.cpp"
            ex="false"
            tool="1"
            flavor2="0">
      </item>
      <item path="classes/sources/RelacionLaboral.cpp"
            ex="false"
            tool="1"
            flavor2="0">
      </item>
      <item path="datatypes/headers/Direccion.h" ex="false" tool="3" flavor2="0">
      </item>
      <item path="datatypes/headers/DtEmpleado.h" ex="false" tool="3" flavor2="0">
      </item>
      <item path="datatypes/headers/DtEmpresa.h" ex="false" tool="3" flavor2="0">
      </item>
      <item path="datatypes/headers/DtEmpresaExtranjera.h"
            ex="false"
            tool="3"
            flavor2="0">
      </item>
      <item path="datatypes/headers/DtEmpresaNacional.h"
            ex="false"
            tool="3"
            flavor2="0">
      </item>
      <item path="datatypes/headers/Fecha.h" ex="false" tool="3" flavor2="0">
      </item>
      <item path="datatypes/sources/Direccion.cpp" ex="false" tool="1" flavor2="0">
      </item>
      <item path="datatypes/sources/DtEmpleado.cpp" ex="false" tool="1" flavor2="0">
      </item>
      <item path="datatypes/sources/DtEmpresa.cpp" ex="false" tool="1" flavor2="0">
      </item>
      <item path="datatypes/sources/DtEmpresaExtranjera.cpp"
            ex="false"
            tool="1"
            flavor2="0">
      </item>
      <item path="datatypes/sources/DtEmpresaNacional.cpp"
            ex="false"
            tool="1"
            flavor2="0">
      </item>
      <item path="datatypes/sources/Fecha.cpp" ex="false" tool="1" flavor2="0">
      </item>
      <item path="main.cpp" ex="false" tool="1" flavor2="0">
      </item>
    </conf>
    <conf name="Release" type="1">
      <toolsSet>
        <compilerSet>default</compilerSet>
        <dependencyChecking>true</dependencyChecking>
        <rebuildPropChanged>false</rebuildPropChanged>
      </toolsSet>
      <compileType>
        <cTool>
          <developmentMode>5</developmentMode>
        </cTool>
        <ccTool>
          <developmentMode>5</developmentMode>
        </ccTool>
        <fortranCompilerTool>
          <developmentMode>5</developmentMode>
        </fortranCompilerTool>
        <asmTool>
          <developmentMode>5</developmentMode>
        </asmTool>
      </compileType>
      <item path="classes/headers/Empleado.h" ex="false" tool="3" flavor2="0">
      </item>
      <item path="classes/headers/Empresa.h" ex="false" tool="3" flavor2="0">
      </item>
      <item path="classes/headers/EmpresaExtranjera.h"
            ex="false"
            tool="3"
            flavor2="0">
      </item>
      <item path="classes/headers/EmpresaNacional.h" ex="false" tool="3" flavor2="0">
      </item>
      <item path="classes/headers/RelacionLaboral.h" ex="false" tool="3" flavor2="0">
      </item>
      <item path="classes/sources/Empleado.cpp" ex="false" tool="1" flavor2="0">
      </item>
      <item path="classes/sources/Empresa.cpp" ex="false" tool="1" flavor2="0">
      </item>
      <item path="classes/sources/EmpresaExtranjera.cpp"
            ex="false"
            tool="1"
            flavor2="0">
      </item>
      <item path="classes/sources/EmpresaNacional.cpp"
            ex="false"
            tool="1"
            flavor2="0">
      </item>
      <item path="classes/sources/RelacionLaboral.cpp"
            ex="false"
            tool="1"
            flavor2="0">
      </item>
      <item path="datatypes/headers/Direccion.h" ex="false" tool="3" flavor2="0">
      </item>
      <item path="datatypes/headers/DtEmpleado.h" ex="false" tool="3" flavor2="0">
      </item>
      <item path="datatypes/headers/DtEmpresa.h" ex="false" tool="3" flavor2="0">
      </item>
      <item path="datatypes/headers/DtEmpresaExtranjera.h"
            ex="false"
            tool="3"
            flavor2="0">
      </item>
      <item path="datatypes/headers/DtEmpresaNacional.h"
            ex="false"
            tool="3"
            flavor2="0">
      </item>
      <item path="datatypes/headers/Fecha.h" ex="false" tool="3" flavor2="0">
      </item>
      <item path="datatypes/sources/Direccion.cpp" ex="false" tool="1" flavor2="0">
      </item>
      <item path="datatypes/sources/DtEmpleado.cpp" ex="false" tool="1" flavor2="0">
      </item>
      <item path="datatypes/sources/DtEmpresa.cpp" ex="false" tool="1" flavor2="0">
      </item>
      <item path="datatypes/sources/DtEmpresaExtranjera.cpp"
            ex="false"
            tool="1"
            flavor2="0">
      </item>
      <item path="datatypes/sources/DtEmpresaNacional.cpp"
            ex="false"
            tool="1"
            flavor2="0">
      </item>
      <item path="datatypes/sources/Fecha.cpp" ex="false" tool="1" flavor2="0">
      </item>
      <item path="main.cpp" ex="false" tool="1" flavor2="0">
      </item>
    </conf>
  </confs>
</configurationDescriptor>
